{
  "affine_matrix": [
    [
      0.019691545848849388,
      -0.8171674807148053
    ],
    [
      -1.0593855300203598,
      -0.22549522675324024
    ],
    [
      374.63401194913234,
      201.59687963955395
    ]
  ],
  "pixel_points": [
    [
      107,
      260
    ],
    [
      253,
      168
    ],
    [
      142,
      168
    ],
    [
      199,
      218
    ]
  ],
  "robot_points": [
    [
      100,
      50
    ],
    [
      200,
      -50
    ],
    [
      200,
      50
    ],
    [
      150,
      0
    ]
  ],
  "errors_mm": [
    5.682092712748097,
    7.160460618551688,
    2.38750273984312,
    10.455050591456953
  ],
  "mean_error_mm": 6.421276665649964
}